time_since_decode_start_s,live_requests,decoded_token_mass,mean_decoded_len
0.0,128,1,0.0078125
0.010510384430502867,128,1,0.0078125
0.021020768861005734,128,1,0.0078125
0.0315311532915086,128,1,0.0078125
0.04204153772201147,128,1,0.0078125
0.052551922152514335,128,1,0.0078125
0.0630623065830172,128,1,0.0078125
0.07357269101352007,128,1,0.0078125
0.08408307544402294,128,1,0.0078125
0.0945934598745258,128,1,0.0078125
0.10510384430502867,128,1,0.0078125
0.11561422873553154,128,1,0.0078125
0.1261246131660344,128,1,0.0078125
0.13663499759653727,128,1,0.0078125
0.14714538202704014,128,1,0.0078125
0.157655766457543,128,1,0.0078125
0.16816615088804587,128,1,0.0078125
0.17867653531854874,128,1,0.0078125
0.1891869197490516,128,1,0.0078125
0.19969730417955447,128,1,0.0078125
0.21020768861005734,128,1,0.0078125
0.2207180730405602,128,1,0.0078125
0.23122845747106308,128,1,0.0078125
0.24173884190156594,128,1,0.0078125
0.2522492263320688,128,1,0.0078125
0.2627596107625717,128,1,0.0078125
0.27326999519307454,128,1,0.0078125
0.2837803796235774,128,1,0.0078125
0.2942907640540803,128,1,0.0078125
0.3048011484845832,128,1,0.0078125
0.315311532915086,128,1,0.0078125
0.32582191734558885,128,1,0.0078125
0.33633230177609175,128,1,0.0078125
0.34684268620659464,128,1,0.0078125
0.3573530706370975,128,1,0.0078125
0.3678634550676003,128,1,0.0078125
0.3783738394981032,128,1,0.0078125
0.3888842239286061,128,1,0.0078125
0.39939460835910895,128,1,0.0078125
0.4099049927896118,128,1,0.0078125
0.4204153772201147,128,1,0.0078125
0.4309257616506176,128,1,0.0078125
0.4414361460811204,128,1,0.0078125
0.45194653051162326,128,1,0.0078125
0.46245691494212615,128,1,0.0078125
0.47296729937262905,128,1,0.0078125
0.4834776838031319,128,1,0.0078125
0.4939880682336347,128,19,0.1484375
0.5044984526641376,128,19,0.1484375
0.5150088370946405,128,19,0.1484375
0.5255192215251434,128,19,0.1484375
0.5360296059556462,128,19,0.1484375
0.5465399903861491,128,19,0.1484375
0.557050374816652,128,19,0.1484375
0.5675607592471548,128,19,0.1484375
0.5780711436776577,128,19,0.1484375
0.5885815281081606,128,19,0.1484375
0.5990919125386635,128,19,0.1484375
0.6096022969691663,128,19,0.1484375
0.6201126813996691,128,19,0.1484375
0.630623065830172,128,19,0.1484375
0.6411334502606749,128,19,0.1484375
0.6516438346911777,128,19,0.1484375
0.6621542191216806,128,19,0.1484375
0.6726646035521835,128,19,0.1484375
0.6831749879826864,128,19,0.1484375
0.6936853724131893,128,19,0.1484375
0.7041957568436921,128,19,0.1484375
0.714706141274195,128,19,0.1484375
0.7252165257046979,128,19,0.1484375
0.7357269101352006,128,19,0.1484375
0.7462372945657035,128,19,0.1484375
0.7567476789962064,128,19,0.1484375
0.7672580634267093,128,19,0.1484375
0.7777684478572122,128,19,0.1484375
0.788278832287715,128,19,0.1484375
0.7987892167182179,128,19,0.1484375
0.8092996011487208,128,19,0.1484375
0.8198099855792236,128,19,0.1484375
0.8303203700097265,128,19,0.1484375
0.8408307544402294,128,19,0.1484375
0.8513411388707323,128,19,0.1484375
0.8618515233012352,128,19,0.1484375
0.8723619077317379,128,19,0.1484375
0.8828722921622408,128,19,0.1484375
0.8933826765927437,128,19,0.1484375
0.9038930610232465,128,19,0.1484375
0.9144034454537494,128,19,0.1484375
0.9249138298842523,128,19,0.1484375
0.9354242143147552,128,19,0.1484375
0.9459345987452581,128,19,0.1484375
0.9564449831757609,128,19,0.1484375
0.9669553676062638,128,19,0.1484375
0.9774657520367667,128,19,0.1484375
0.9879761364672695,128,35,0.2734375
0.9984865208977723,128,48,0.375
1.0089969053282752,128,48,0.375
1.019507289758778,128,48,0.375
1.030017674189281,128,48,0.375
1.0405280586197838,128,48,0.375
1.0510384430502868,128,48,0.375
1.0615488274807896,128,48,0.375
1.0720592119112924,128,48,0.375
1.0825695963417954,128,48,0.375
1.0930799807722982,128,48,0.375
1.103590365202801,128,48,0.375
1.114100749633304,128,48,0.375
1.1246111340638067,128,48,0.375
1.1351215184943095,128,48,0.375
1.1456319029248125,128,48,0.375
1.1561422873553153,128,48,0.375
1.1666526717858183,128,48,0.375
1.1771630562163211,128,48,0.375
1.187673440646824,128,48,0.375
1.198183825077327,128,48,0.375
1.2086942095078297,128,48,0.375
1.2192045939383327,128,48,0.375
1.2297149783688355,128,48,0.375
1.2402253627993383,128,48,0.375
1.2507357472298413,128,48,0.375
1.261246131660344,128,48,0.375
1.2717565160908468,128,48,0.375
1.2822669005213498,128,48,0.375
1.2927772849518526,128,48,0.375
1.3032876693823554,128,48,0.375
1.3137980538128584,128,48,0.375
1.3243084382433612,128,48,0.375
1.3348188226738642,128,48,0.375
1.345329207104367,128,48,0.375
1.3558395915348698,128,48,0.375
1.3663499759653728,128,48,0.375
1.3768603603958756,128,48,0.375
1.3873707448263786,128,48,0.375
1.3978811292568813,128,48,0.375
1.4083915136873841,128,48,0.375
1.4189018981178871,128,48,0.375
1.42941228254839,128,48,0.375
1.4399226669788927,128,48,0.375
1.4504330514093957,128,48,0.375
1.4609434358398985,128,48,0.375
1.4714538202704013,128,48,0.375
1.4819642047009043,128,48,0.375
1.492474589131407,128,48,0.375
1.50298497356191,128,48,0.375
1.5134953579924129,128,48,0.375
1.5240057424229156,128,48,0.375
1.5345161268534186,128,48,0.375
1.5450265112839214,128,48,0.375
1.5555368957144244,128,48,0.375
1.5660472801449272,128,48,0.375
1.57655766457543,128,48,0.375
1.587068049005933,128,48,0.375
1.5975784334364358,128,48,0.375
1.6080888178669386,128,48,0.375
1.6185992022974416,128,48,0.375
1.6291095867279444,128,48,0.375
1.6396199711584472,128,48,0.375
1.6501303555889502,128,48,0.375
1.660640740019453,128,48,0.375
1.671151124449956,128,48,0.375
1.6816615088804587,128,48,0.375
1.6921718933109615,128,48,0.375
1.7026822777414645,128,48,0.375
1.7131926621719673,128,48,0.375
1.7237030466024703,128,48,0.375
1.734213431032973,128,48,0.375
1.7447238154634759,128,48,0.375
1.7552341998939789,128,48,0.375
1.7657445843244817,128,48,0.375
1.7762549687549845,128,72,0.5625
1.7867653531854875,128,72,0.5625
1.7972757376159902,128,72,0.5625
1.807786122046493,128,72,0.5625
1.818296506476996,128,72,0.5625
1.8288068909074988,128,72,0.5625
1.8393172753380018,128,72,0.5625
1.8498276597685046,128,72,0.5625
1.8603380441990074,128,72,0.5625
1.8708484286295104,128,72,0.5625
1.8813588130600132,128,72,0.5625
1.8918691974905162,128,72,0.5625
1.902379581921019,128,72,0.5625
1.9128899663515218,128,72,0.5625
1.9234003507820248,128,72,0.5625
1.9339107352125275,128,72,0.5625
1.9444211196430303,128,72,0.5625
1.9549315040735333,128,72,0.5625
1.9654418885040361,128,72,0.5625
1.975952272934539,128,72,0.5625
1.986462657365042,128,72,0.5625
1.9969730417955447,128,72,0.5625
2.0074834262260475,128,72,0.5625
2.0179938106565505,128,72,0.5625
2.0285041950870535,128,72,0.5625
2.039014579517556,128,72,0.5625
2.049524963948059,128,72,0.5625
2.060035348378562,128,72,0.5625
2.0705457328090646,128,72,0.5625
2.0810561172395676,128,72,0.5625
2.0915665016700706,128,72,0.5625
2.1020768861005736,128,72,0.5625
2.112587270531076,128,72,0.5625
2.123097654961579,128,72,0.5625
2.133608039392082,128,72,0.5625
2.1441184238225848,128,72,0.5625
2.154628808253088,128,72,0.5625
2.165139192683591,128,72,0.5625
2.1756495771140933,128,72,0.5625
2.1861599615445964,128,72,0.5625
2.1966703459750994,128,72,0.5625
2.207180730405602,128,72,0.5625
2.217691114836105,128,72,0.5625
2.228201499266608,128,72,0.5625
2.2387118836971105,128,72,0.5625
2.2492222681276135,128,87,0.6796875
2.2597326525581165,128,99,0.7734375
2.270243036988619,128,99,0.7734375
2.280753421419122,128,99,0.7734375
2.291263805849625,128,99,0.7734375
2.301774190280128,128,99,0.7734375
2.3122845747106306,128,99,0.7734375
2.3227949591411337,128,99,0.7734375
2.3333053435716367,128,99,0.7734375
2.343815728002139,128,99,0.7734375
2.3543261124326422,128,99,0.7734375
2.3648364968631452,128,99,0.7734375
2.375346881293648,128,99,0.7734375
2.385857265724151,128,99,0.7734375
2.396367650154654,128,99,0.7734375
2.4068780345851564,128,99,0.7734375
2.4173884190156594,128,99,0.7734375
2.4278988034461624,128,99,0.7734375
2.4384091878766654,128,99,0.7734375
2.448919572307168,128,99,0.7734375
2.459429956737671,128,99,0.7734375
2.469940341168174,128,99,0.7734375
2.4804507255986765,128,99,0.7734375
2.4909611100291795,128,99,0.7734375
2.5014714944596825,128,99,0.7734375
2.511981878890185,128,99,0.7734375
2.522492263320688,128,99,0.7734375
2.533002647751191,128,99,0.7734375
2.5435130321816937,128,99,0.7734375
2.5540234166121967,128,99,0.7734375
2.5645338010426997,128,99,0.7734375
2.5750441854732022,128,99,0.7734375
2.5855545699037052,128,99,0.7734375
2.5960649543342083,128,99,0.7734375
2.606575338764711,128,99,0.7734375
2.617085723195214,128,99,0.7734375
2.627596107625717,128,99,0.7734375
2.63810649205622,128,99,0.7734375
2.6486168764867224,128,99,0.7734375
2.6591272609172254,128,99,0.7734375
2.6696376453477284,128,121,0.9453125
2.680148029778231,128,127,0.9921875
2.690658414208734,128,127,0.9921875
2.701168798639237,128,127,0.9921875
2.7116791830697395,128,127,0.9921875
2.7221895675002425,128,127,0.9921875
2.7326999519307456,128,127,0.9921875
2.743210336361248,128,127,0.9921875
2.753720720791751,128,127,0.9921875
2.764231105222254,128,127,0.9921875
2.774741489652757,128,127,0.9921875
2.7852518740832597,128,127,0.9921875
2.7957622585137627,128,127,0.9921875
2.8062726429442657,128,127,0.9921875
2.8167830273747683,128,127,0.9921875
2.8272934118052713,128,127,0.9921875
2.8378037962357743,128,127,0.9921875
2.848314180666277,128,127,0.9921875
2.85882456509678,128,127,0.9921875
2.869334949527283,128,127,0.9921875
2.8798453339577854,128,127,0.9921875
2.8903557183882884,128,127,0.9921875
2.9008661028187914,128,127,0.9921875
2.911376487249294,128,127,0.9921875
2.921886871679797,128,127,0.9921875
2.9323972561103,128,127,0.9921875
2.9429076405408026,128,127,0.9921875
2.9534180249713056,128,127,0.9921875
2.9639284094018086,128,127,0.9921875
2.9744387938323116,128,127,0.9921875
2.984949178262814,128,127,0.9921875
2.995459562693317,128,127,0.9921875
3.00596994712382,128,127,0.9921875
3.0164803315543227,128,127,0.9921875
3.0269907159848257,128,127,0.9921875
3.0375011004153287,128,127,0.9921875
3.0480114848458313,128,127,0.9921875
3.0585218692763343,128,127,0.9921875
3.0690322537068373,128,127,0.9921875
3.07954263813734,128,127,0.9921875
3.090053022567843,128,127,0.9921875
3.100563406998346,128,127,0.9921875
3.111073791428849,128,127,0.9921875
3.1215841758593514,128,127,0.9921875
3.1320945602898544,128,127,0.9921875
3.1426049447203575,128,127,0.9921875
3.15311532915086,128,127,0.9921875
3.163625713581363,128,127,0.9921875
3.174136098011866,128,127,0.9921875
3.1846464824423686,128,127,0.9921875
3.1951568668728716,128,127,0.9921875
3.2056672513033746,128,127,0.9921875
3.216177635733877,128,127,0.9921875
3.22668802016438,128,127,0.9921875
3.237198404594883,128,127,0.9921875
3.2477087890253857,128,127,0.9921875
3.2582191734558887,128,127,0.9921875
3.2687295578863917,128,127,0.9921875
3.2792399423168943,128,127,0.9921875
3.2897503267473973,128,127,0.9921875
3.3002607111779003,128,127,0.9921875
3.3107710956084033,128,127,0.9921875
3.321281480038906,128,127,0.9921875
3.331791864469409,128,127,0.9921875
3.342302248899912,128,127,0.9921875
3.3528126333304145,128,127,0.9921875
3.3633230177609175,128,127,0.9921875
3.3738334021914205,128,127,0.9921875
3.384343786621923,128,127,0.9921875
3.394854171052426,128,127,0.9921875
3.405364555482929,128,127,0.9921875
3.4158749399134316,128,127,0.9921875
3.4263853243439346,128,127,0.9921875
3.4368957087744376,128,127,0.9921875
3.4474060932049406,128,127,0.9921875
3.457916477635443,128,127,0.9921875
3.468426862065946,128,127,0.9921875
3.478937246496449,128,127,0.9921875
3.4894476309269518,128,127,0.9921875
3.4999580153574548,128,127,0.9921875
3.5104683997879578,128,127,0.9921875
3.5209787842184603,128,127,0.9921875
3.5314891686489633,128,127,0.9921875
3.5419995530794663,128,127,0.9921875
3.552509937509969,128,127,0.9921875
3.563020321940472,128,127,0.9921875
3.573530706370975,128,127,0.9921875
3.5840410908014775,128,127,0.9921875
3.5945514752319805,128,127,0.9921875
3.6050618596624835,128,127,0.9921875
3.615572244092986,128,127,0.9921875
3.626082628523489,128,127,0.9921875
3.636593012953992,128,127,0.9921875
3.647103397384495,128,127,0.9921875
3.6576137818149976,128,127,0.9921875
3.6681241662455006,128,127,0.9921875
3.6786345506760036,128,127,0.9921875
3.689144935106506,128,127,0.9921875
3.699655319537009,128,127,0.9921875
3.710165703967512,128,127,0.9921875
3.720676088398015,128,127,0.9921875
3.731186472828518,128,127,0.9921875
3.741696857259021,128,127,0.9921875
3.7522072416895234,128,127,0.9921875
3.7627176261200264,128,127,0.9921875
3.7732280105505294,128,127,0.9921875
3.7837383949810324,128,127,0.9921875
3.794248779411535,128,127,0.9921875
3.804759163842038,128,127,0.9921875
3.815269548272541,128,127,0.9921875
3.8257799327030435,128,127,0.9921875
3.8362903171335465,128,127,0.9921875
3.8468007015640495,128,127,0.9921875
3.857311085994552,128,127,0.9921875
3.867821470425055,128,127,0.9921875
3.878331854855558,128,127,0.9921875
3.8888422392860607,128,127,0.9921875
3.8993526237165637,128,127,0.9921875
3.9098630081470667,128,127,0.9921875
3.9203733925775692,128,127,0.9921875
3.9308837770080722,128,127,0.9921875
3.9413941614385752,128,127,0.9921875
3.951904545869078,128,127,0.9921875
3.962414930299581,128,127,0.9921875
3.972925314730084,128,127,0.9921875
3.983435699160587,128,127,0.9921875
3.9939460835910894,128,127,0.9921875
4.004456468021592,128,127,0.9921875
4.014966852452095,128,895,6.9921875
4.025477236882598,128,5311,41.4921875
4.035987621313101,128,8255,64.4921875
4.0464980057436035,128,8255,64.4921875
4.057008390174107,128,8255,64.4921875
4.0675187746046095,128,8255,64.4921875
4.078029159035112,128,8255,64.4921875
4.0885395434656155,128,8255,64.4921875
4.099049927896118,128,8255,64.4921875
4.109560312326621,128,8255,64.4921875
4.120070696757124,128,8255,64.4921875
4.130581081187627,128,8255,64.4921875
4.141091465618129,128,8255,64.4921875
4.151601850048633,128,8255,64.4921875
4.162112234479135,128,8255,64.4921875
4.172622618909638,128,8255,64.4921875
4.183133003340141,128,8255,64.4921875
4.193643387770644,128,8255,64.4921875
4.204153772201147,128,8255,64.4921875
4.21466415663165,128,8255,64.4921875
4.225174541062152,128,8255,64.4921875
4.235684925492656,128,8255,64.4921875
4.246195309923158,128,8255,64.4921875
4.256705694353661,128,8255,64.4921875
4.267216078784164,128,8255,64.4921875
4.277726463214667,128,8255,64.4921875
4.2882368476451695,128,8255,64.4921875
4.298747232075673,128,8255,64.4921875
4.309257616506176,128,8255,64.4921875
4.319768000936678,128,8255,64.4921875
4.330278385367182,128,8255,64.4921875
4.340788769797684,128,8255,64.4921875
4.351299154228187,128,8255,64.4921875
4.36180953865869,128,8255,64.4921875
4.372319923089193,128,8255,64.4921875
4.382830307519695,128,8255,64.4921875
4.393340691950199,128,8255,64.4921875
4.403851076380701,128,8255,64.4921875
4.414361460811204,128,8255,64.4921875
4.424871845241707,128,8255,64.4921875
4.43538222967221,128,8255,64.4921875
4.445892614102712,128,8255,64.4921875
4.456402998533216,128,8255,64.4921875
4.466913382963718,128,8255,64.4921875
4.477423767394221,128,8255,64.4921875
4.487934151824724,128,8255,64.4921875
4.498444536255227,128,8255,64.4921875
4.50895492068573,128,8255,64.4921875
4.519465305116233,128,8255,64.4921875
4.529975689546736,128,8255,64.4921875
4.540486073977238,128,8255,64.4921875
4.550996458407742,128,8255,64.4921875
4.561506842838244,128,8255,64.4921875
4.572017227268748,128,8255,64.4921875
4.58252761169925,128,8255,64.4921875
4.593037996129753,128,8255,64.4921875
4.603548380560256,128,8255,64.4921875
4.614058764990759,128,8255,64.4921875
4.624569149421261,128,8255,64.4921875
4.635079533851765,128,8255,64.4921875
4.645589918282267,128,8255,64.4921875
4.65610030271277,128,8255,64.4921875
4.666610687143273,128,8255,64.4921875
4.677121071573776,128,8255,64.4921875
4.687631456004278,128,8255,64.4921875
4.698141840434782,128,8255,64.4921875
4.7086522248652845,128,8255,64.4921875
4.719162609295787,128,8255,64.4921875
4.7296729937262905,128,8255,64.4921875
4.740183378156793,128,8255,64.4921875
4.750693762587296,128,8255,64.4921875
4.761204147017799,128,8255,64.4921875
4.771714531448302,128,8255,64.4921875
4.782224915878804,128,8255,64.4921875
4.792735300309308,128,8255,64.4921875
4.80324568473981,128,8255,64.4921875
4.813756069170313,128,8255,64.4921875
4.824266453600816,128,8255,64.4921875
4.834776838031319,128,8255,64.4921875
4.845287222461821,128,8255,64.4921875
4.855797606892325,128,8255,64.4921875
4.866307991322827,128,8255,64.4921875
4.876818375753331,128,8255,64.4921875
4.887328760183833,128,8255,64.4921875
4.897839144614336,128,8255,64.4921875
4.908349529044839,128,8255,64.4921875
4.918859913475342,128,8255,64.4921875
4.9293702979058445,128,8255,64.4921875
4.939880682336348,128,8255,64.4921875
4.9503910667668505,128,8255,64.4921875
4.960901451197353,128,8255,64.4921875
4.9714118356278565,128,8255,64.4921875
4.981922220058359,128,8255,64.4921875
4.992432604488862,128,8255,64.4921875
5.002942988919365,128,8255,64.4921875
5.013453373349868,128,8255,64.4921875
5.02396375778037,128,8255,64.4921875
5.034474142210874,128,12543,97.9921875
5.044984526641376,128,16383,127.9921875
5.055494911071879,128,16383,127.9921875
5.066005295502382,128,16383,127.9921875
5.076515679932885,128,16383,127.9921875
5.087026064363387,128,16383,127.9921875
5.097536448793891,128,16383,127.9921875
5.108046833224393,128,16383,127.9921875
5.118557217654896,128,16383,127.9921875
5.129067602085399,128,16383,127.9921875
5.139577986515902,128,16383,127.9921875
5.1500883709464045,128,16383,127.9921875
5.160598755376908,128,16383,127.9921875
5.1711091398074105,128,16383,127.9921875
5.181619524237913,128,16383,127.9921875
5.1921299086684165,128,16383,127.9921875
5.202640293098919,128,16383,127.9921875
5.213150677529422,128,16383,127.9921875
5.223661061959925,128,16383,127.9921875
5.234171446390428,128,16383,127.9921875
5.244681830820931,128,16383,127.9921875
5.255192215251434,128,16383,127.9921875
5.265702599681936,128,16383,127.9921875
5.27621298411244,128,16383,127.9921875
5.286723368542942,128,16383,127.9921875
5.297233752973445,128,16383,127.9921875
5.307744137403948,128,16383,127.9921875
5.318254521834451,128,16383,127.9921875
5.328764906264953,128,16383,127.9921875
5.339275290695457,128,16383,127.9921875
5.349785675125959,128,16383,127.9921875
5.360296059556462,128,16383,127.9921875
5.370806443986965,128,16383,127.9921875
5.381316828417468,128,16383,127.9921875
5.3918272128479705,128,16383,127.9921875
5.402337597278474,128,16383,127.9921875
5.4128479817089765,128,16383,127.9921875
5.423358366139479,128,16383,127.9921875
5.4338687505699825,128,16383,127.9921875
5.444379135000485,128,16383,127.9921875
5.454889519430988,128,16383,127.9921875
5.465399903861491,128,16383,127.9921875
5.475910288291994,128,16383,127.9921875
5.486420672722496,128,16383,127.9921875
5.496931057153,128,16383,127.9921875
5.507441441583502,128,16383,127.9921875
5.517951826014005,128,16383,127.9921875
5.528462210444508,128,16383,127.9921875
5.538972594875011,128,16383,127.9921875
5.549482979305514,128,16383,127.9921875
5.559993363736017,128,16383,127.9921875
5.570503748166519,128,16383,127.9921875
5.581014132597023,128,16383,127.9921875
5.591524517027525,128,16383,127.9921875
5.602034901458028,128,16383,127.9921875
5.612545285888531,128,16383,127.9921875
5.623055670319034,128,16383,127.9921875
5.6335660547495365,128,16383,127.9921875
5.64407643918004,128,16383,127.9921875
5.6545868236105425,128,16383,127.9921875
5.665097208041045,128,16383,127.9921875
5.675607592471549,128,16383,127.9921875
5.686117976902051,128,16383,127.9921875
5.696628361332554,128,16383,127.9921875
5.707138745763057,128,16383,127.9921875
5.71764913019356,128,16383,127.9921875
5.728159514624062,128,16383,127.9921875
5.738669899054566,128,16383,127.9921875
5.749180283485068,128,16383,127.9921875
5.759690667915571,128,16383,127.9921875
5.770201052346074,128,16383,127.9921875
5.780711436776577,128,16383,127.9921875
5.791221821207079,128,16383,127.9921875
5.801732205637583,128,16383,127.9921875
5.812242590068085,128,16383,127.9921875
5.822752974498588,128,16383,127.9921875
5.833263358929091,128,16383,127.9921875
5.843773743359594,128,16383,127.9921875
5.8542841277900965,128,16383,127.9921875
5.8647945122206,128,16383,127.9921875
5.875304896651103,128,16383,127.9921875
5.885815281081605,128,16383,127.9921875
5.896325665512109,128,16383,127.9921875
5.906836049942611,128,16383,127.9921875
5.917346434373115,128,16383,127.9921875
5.927856818803617,128,16383,127.9921875
5.93836720323412,128,16383,127.9921875
5.948877587664623,128,16383,127.9921875
5.959387972095126,128,16383,127.9921875
5.969898356525628,128,16383,127.9921875
5.980408740956132,128,16383,127.9921875
5.990919125386634,128,16383,127.9921875
6.001429509817137,128,16383,127.9921875
6.01193989424764,128,16383,127.9921875
6.022450278678143,128,16383,127.9921875
6.032960663108645,128,16383,127.9921875
6.043471047539149,128,16383,127.9921875
6.053981431969651,128,17215,134.4921875
6.064491816400154,128,21503,167.9921875
6.0750022008306575,128,24511,191.4921875
6.08551258526116,128,24511,191.4921875
6.096022969691663,128,24511,191.4921875
6.106533354122166,128,24511,191.4921875
6.117043738552669,128,24511,191.4921875
6.127554122983171,128,24511,191.4921875
6.138064507413675,128,24511,191.4921875
6.148574891844177,128,24511,191.4921875
6.15908527627468,128,24511,191.4921875
6.169595660705183,128,24511,191.4921875
6.180106045135686,128,24511,191.4921875
6.190616429566188,128,24511,191.4921875
6.201126813996692,128,24511,191.4921875
6.211637198427194,128,24511,191.4921875
6.222147582857698,128,24511,191.4921875
6.2326579672882,128,24511,191.4921875
6.243168351718703,128,24511,191.4921875
6.253678736149206,128,24511,191.4921875
6.264189120579709,128,24511,191.4921875
6.2746995050102115,128,24511,191.4921875
6.285209889440715,128,24511,191.4921875
6.2957202738712175,128,24511,191.4921875
6.30623065830172,128,24511,191.4921875
6.3167410427322235,128,24511,191.4921875
6.327251427162726,128,24511,191.4921875
6.337761811593229,128,24511,191.4921875
6.348272196023732,128,24511,191.4921875
6.358782580454235,128,24511,191.4921875
6.369292964884737,128,24511,191.4921875
6.379803349315241,128,24511,191.4921875
6.390313733745743,128,24511,191.4921875
6.400824118176246,128,24511,191.4921875
6.411334502606749,128,24511,191.4921875
6.421844887037252,128,24511,191.4921875
6.432355271467754,128,24511,191.4921875
6.442865655898258,128,24511,191.4921875
6.45337604032876,128,24511,191.4921875
6.463886424759263,128,24511,191.4921875
6.474396809189766,128,24511,191.4921875
6.484907193620269,128,24511,191.4921875
6.4954175780507715,128,24511,191.4921875
6.505927962481275,128,24511,191.4921875
6.5164383469117775,128,24511,191.4921875
6.52694873134228,128,24511,191.4921875
6.5374591157727835,128,24511,191.4921875
6.547969500203286,128,24511,191.4921875
6.558479884633789,128,24511,191.4921875
6.568990269064292,128,24511,191.4921875
6.579500653494795,128,24511,191.4921875
6.590011037925298,128,24511,191.4921875
6.600521422355801,128,24511,191.4921875
6.611031806786303,128,24511,191.4921875
6.621542191216807,128,24511,191.4921875
6.632052575647309,128,24511,191.4921875
6.642562960077812,128,24511,191.4921875
6.653073344508315,128,24511,191.4921875
6.663583728938818,128,24511,191.4921875
6.67409411336932,128,24511,191.4921875
6.684604497799824,128,24511,191.4921875
6.695114882230326,128,24511,191.4921875
6.705625266660829,128,24511,191.4921875
6.716135651091332,128,24511,191.4921875
6.726646035521835,128,24511,191.4921875
6.7371564199523375,128,24511,191.4921875
6.747666804382841,128,24511,191.4921875
6.7581771888133435,128,24511,191.4921875
6.768687573243846,128,24511,191.4921875
6.7791979576743495,128,24511,191.4921875
6.789708342104852,128,24511,191.4921875
6.800218726535355,128,24511,191.4921875
6.810729110965858,128,24511,191.4921875
6.821239495396361,128,24511,191.4921875
6.831749879826863,128,24511,191.4921875
6.842260264257367,128,24511,191.4921875
6.852770648687869,128,24511,191.4921875
6.863281033118372,128,24511,191.4921875
6.873791417548875,128,24511,191.4921875
6.884301801979378,128,24511,191.4921875
6.894812186409881,128,24511,191.4921875
6.905322570840384,128,24511,191.4921875
6.915832955270886,128,24511,191.4921875
6.92634333970139,128,24511,191.4921875
6.936853724131892,128,24511,191.4921875
6.947364108562395,128,24511,191.4921875
6.957874492992898,128,24511,191.4921875
6.968384877423401,128,24511,191.4921875
6.9788952618539035,128,24511,191.4921875
6.989405646284407,128,24511,191.4921875
6.9999160307149095,128,24511,191.4921875
7.010426415145412,128,24511,191.4921875
7.0209367995759155,128,24511,191.4921875
7.031447184006418,128,24511,191.4921875
7.041957568436921,128,24511,191.4921875
7.052467952867424,128,24511,191.4921875
7.062978337297927,128,24511,191.4921875
7.073488721728429,128,24511,191.4921875
7.083999106158933,128,24511,191.4921875
7.094509490589435,128,24511,191.4921875
7.105019875019938,108,20714,191.7962962962963
7.115530259450441,75,14345,191.26666666666668
7.126040643880944,34,6432,189.1764705882353
7.136551028311446,1,1,1.0
7.14706141274195,1,1,1.0
7.157571797172452,1,1,1.0
7.168082181602955,1,1,1.0
7.178592566033458,1,1,1.0
7.189102950463961,1,1,1.0
7.1996133348944635,1,1,1.0
7.210123719324967,1,1,1.0
7.2206341037554695,1,1,1.0
7.231144488185972,1,1,1.0
7.241654872616476,1,1,1.0
7.252165257046978,1,1,1.0
7.262675641477482,1,1,1.0
7.273186025907984,1,1,1.0
7.283696410338487,1,1,1.0
7.29420679476899,1,1,1.0
7.304717179199493,1,1,1.0
7.315227563629995,1,1,1.0
7.325737948060499,1,1,1.0
7.336248332491001,1,1,1.0
7.346758716921504,1,1,1.0
7.357269101352007,1,1,1.0
7.36777948578251,1,1,1.0
7.378289870213012,1,1,1.0
7.388800254643516,1,1,1.0
7.399310639074018,1,1,1.0
7.409821023504521,1,1,1.0
7.420331407935024,1,1,1.0
7.430841792365527,1,1,1.0
7.44135217679603,1,1,1.0
7.451862561226533,1,1,1.0
7.462372945657036,1,1,1.0
7.472883330087538,1,1,1.0
7.483393714518042,1,1,1.0
7.493904098948544,1,1,1.0
7.504414483379047,1,1,1.0
7.51492486780955,1,1,1.0
7.525435252240053,1,1,1.0
7.535945636670555,1,1,1.0
7.546456021101059,1,1,1.0
7.556966405531561,1,1,1.0
7.567476789962065,1,1,1.0
7.577987174392567,1,1,1.0
7.58849755882307,1,1,1.0
7.599007943253573,1,1,1.0
7.609518327684076,1,1,1.0
7.620028712114578,1,1,1.0
7.630539096545082,1,1,1.0
7.6410494809755845,1,1,1.0
7.651559865406087,1,1,1.0
7.6620702498365905,1,1,1.0
7.672580634267093,1,1,1.0
7.683091018697596,1,1,1.0
7.693601403128099,1,1,1.0
7.704111787558602,1,1,1.0
7.714622171989104,1,1,1.0
7.725132556419608,1,1,1.0
7.73564294085011,1,1,1.0
7.746153325280613,1,1,1.0
7.756663709711116,1,1,1.0
7.767174094141619,1,1,1.0
7.777684478572121,1,1,1.0
7.788194863002625,1,1,1.0
7.798705247433127,1,1,1.0
7.80921563186363,1,1,1.0
7.819726016294133,1,1,1.0
7.830236400724636,1,1,1.0
7.8407467851551385,1,1,1.0
7.851257169585642,1,1,1.0
7.8617675540161445,1,1,1.0
7.872277938446647,1,1,1.0
7.8827883228771505,1,1,1.0
7.893298707307653,1,1,1.0
7.903809091738156,1,1,1.0
7.914319476168659,1,1,1.0
7.924829860599162,1,1,1.0
7.935340245029665,1,65,65.0
7.945850629460168,1,65,65.0
7.95636101389067,1,65,65.0
7.966871398321174,1,65,65.0
7.977381782751676,1,65,65.0
7.987892167182179,1,65,65.0
7.998402551612682,1,65,65.0
8.008912936043185,1,65,65.0
8.019423320473688,1,65,65.0
8.02993370490419,1,65,65.0
8.040444089334693,1,65,65.0
8.050954473765197,1,65,65.0
8.061464858195698,1,65,65.0
8.071975242626202,1,65,65.0
8.082485627056705,1,65,65.0
8.092996011487207,1,65,65.0
8.10350639591771,1,65,65.0
8.114016780348214,1,65,65.0
8.124527164778716,1,65,65.0
8.135037549209219,1,65,65.0
8.145547933639723,1,65,65.0
8.156058318070224,1,65,65.0
8.166568702500728,1,65,65.0
8.177079086931231,1,65,65.0
8.187589471361733,1,65,65.0
8.198099855792236,1,65,65.0
8.20861024022274,1,65,65.0
8.219120624653241,1,65,65.0
8.229631009083745,1,65,65.0
8.240141393514248,1,65,65.0
8.25065177794475,1,65,65.0
8.261162162375253,1,65,65.0
8.271672546805757,1,65,65.0
8.282182931236258,1,65,65.0
8.292693315666762,1,65,65.0
8.303203700097265,1,65,65.0
8.313714084527767,1,65,65.0
8.32422446895827,1,65,65.0
8.334734853388774,1,65,65.0
8.345245237819276,1,65,65.0
8.355755622249779,1,65,65.0
8.366266006680283,1,65,65.0
8.376776391110784,1,65,65.0
8.387286775541288,1,65,65.0
8.397797159971791,1,65,65.0
8.408307544402295,1,65,65.0
8.418817928832796,1,65,65.0
8.4293283132633,1,65,65.0
8.439838697693803,1,65,65.0
8.450349082124305,1,65,65.0
8.460859466554808,1,65,65.0
8.471369850985312,1,65,65.0
8.481880235415813,1,65,65.0
8.492390619846317,1,65,65.0
8.50290100427682,1,65,65.0
8.513411388707322,1,65,65.0
8.523921773137825,1,65,65.0
8.534432157568329,1,65,65.0
8.54494254199883,1,65,65.0
8.555452926429334,1,65,65.0
8.565963310859837,1,65,65.0
8.576473695290339,1,65,65.0
8.586984079720843,1,65,65.0
8.597494464151346,1,65,65.0
8.608004848581848,1,65,65.0
8.618515233012351,1,65,65.0
8.629025617442855,1,65,65.0
8.639536001873356,1,65,65.0
8.65004638630386,1,65,65.0
8.660556770734363,1,65,65.0
8.671067155164865,1,65,65.0
8.681577539595368,1,65,65.0
8.692087924025872,1,65,65.0
8.702598308456373,1,65,65.0
8.713108692886877,1,65,65.0
8.72361907731738,1,65,65.0
8.734129461747882,1,65,65.0
8.744639846178385,1,65,65.0
8.755150230608889,1,65,65.0
8.76566061503939,1,65,65.0
8.776170999469894,1,129,129.0
8.786681383900397,1,129,129.0
8.797191768330899,1,129,129.0
8.807702152761403,1,129,129.0
8.818212537191906,1,129,129.0
8.828722921622408,1,129,129.0
8.839233306052911,1,129,129.0
8.849743690483415,1,129,129.0
8.860254074913916,1,129,129.0
8.87076445934442,1,129,129.0
8.881274843774923,1,129,129.0
8.891785228205425,1,129,129.0
8.902295612635928,1,129,129.0
8.912805997066432,1,129,129.0
8.923316381496933,1,129,129.0
8.933826765927437,1,129,129.0
8.94433715035794,1,129,129.0
8.954847534788442,1,129,129.0
8.965357919218945,1,129,129.0
8.975868303649449,1,129,129.0
8.98637868807995,1,129,129.0
8.996889072510454,1,129,129.0
9.007399456940957,1,129,129.0
9.01790984137146,1,129,129.0
9.028420225801963,1,129,129.0
9.038930610232466,1,129,129.0
9.049440994662968,1,129,129.0
9.059951379093471,1,129,129.0
9.070461763523975,1,129,129.0
9.080972147954476,1,129,129.0
9.09148253238498,1,129,129.0
9.101992916815483,1,129,129.0
9.112503301245987,1,129,129.0
9.123013685676488,1,129,129.0
9.133524070106992,1,129,129.0
9.144034454537495,1,129,129.0
9.154544838967997,1,129,129.0
9.1650552233985,1,129,129.0
9.175565607829004,1,129,129.0
9.186075992259505,1,129,129.0
9.196586376690009,1,129,129.0
9.207096761120512,1,129,129.0
9.217607145551014,1,129,129.0
9.228117529981517,1,129,129.0
9.238627914412021,1,129,129.0
9.249138298842523,1,129,129.0
9.259648683273026,1,129,129.0
9.27015906770353,1,129,129.0
9.280669452134031,1,129,129.0
9.291179836564535,1,129,129.0
9.301690220995038,1,129,129.0
9.31220060542554,1,129,129.0
9.322710989856043,1,129,129.0
9.333221374286547,1,129,129.0
9.343731758717048,1,129,129.0
9.354242143147552,1,129,129.0
9.364752527578055,1,129,129.0
9.375262912008557,1,129,129.0
9.38577329643906,1,129,129.0
9.396283680869564,1,129,129.0
9.406794065300065,1,129,129.0
9.417304449730569,1,129,129.0
9.427814834161072,1,129,129.0
9.438325218591574,1,129,129.0
9.448835603022077,1,129,129.0
9.459345987452581,1,129,129.0
9.469856371883083,1,129,129.0
9.480366756313586,1,129,129.0
9.49087714074409,1,129,129.0
9.501387525174591,1,129,129.0
9.511897909605095,1,129,129.0
9.522408294035598,1,129,129.0
9.5329186784661,1,129,129.0
9.543429062896603,1,129,129.0
9.553939447327107,1,129,129.0
9.564449831757608,1,129,129.0
9.574960216188112,1,129,129.0
9.585470600618615,1,129,129.0
9.595980985049117,1,129,129.0
9.60649136947962,1,129,129.0
9.617001753910124,1,193,193.0
9.627512138340625,1,193,193.0
9.638022522771129,1,193,193.0
9.648532907201632,1,193,193.0
9.659043291632134,1,193,193.0
9.669553676062637,1,193,193.0
9.680064060493141,1,193,193.0
9.690574444923643,1,193,193.0
9.701084829354146,1,193,193.0
9.71159521378465,1,193,193.0
9.722105598215151,1,193,193.0
9.732615982645655,1,193,193.0
9.743126367076158,1,193,193.0
9.753636751506662,1,193,193.0
9.764147135937163,1,193,193.0
9.774657520367667,1,193,193.0
9.78516790479817,1,193,193.0
9.795678289228672,1,193,193.0
9.806188673659175,1,193,193.0
9.816699058089679,1,193,193.0
9.82720944252018,1,193,193.0
9.837719826950684,1,193,193.0
9.848230211381187,1,193,193.0
9.858740595811689,1,193,193.0
9.869250980242192,1,193,193.0
9.879761364672696,1,193,193.0
9.890271749103198,1,193,193.0
9.900782133533701,1,193,193.0
9.911292517964204,1,193,193.0
9.921802902394706,1,193,193.0
9.93231328682521,1,193,193.0
9.942823671255713,1,193,193.0
9.953334055686215,1,193,193.0
9.963844440116718,1,193,193.0
9.974354824547222,1,193,193.0
9.984865208977723,1,193,193.0
9.995375593408227,1,193,193.0
10.00588597783873,1,193,193.0
10.016396362269232,1,193,193.0
10.026906746699735,1,193,193.0
10.037417131130239,1,193,193.0
10.04792751556074,1,193,193.0
10.058437899991244,1,193,193.0
10.068948284421747,1,193,193.0
10.079458668852249,1,193,193.0
10.089969053282752,1,193,193.0
10.100479437713256,1,193,193.0
10.110989822143758,1,193,193.0
10.121500206574261,1,193,193.0
10.132010591004764,1,193,193.0
10.142520975435266,1,193,193.0
10.15303135986577,1,193,193.0
10.163541744296273,1,193,193.0
10.174052128726775,1,193,193.0
10.184562513157278,1,193,193.0
10.195072897587782,1,193,193.0
10.205583282018283,1,193,193.0
10.216093666448787,1,193,193.0
10.22660405087929,1,193,193.0
10.237114435309792,1,193,193.0
10.247624819740295,1,193,193.0
10.258135204170799,1,193,193.0
10.2686455886013,1,193,193.0
10.279155973031804,1,193,193.0
10.289666357462307,1,193,193.0
10.300176741892809,1,193,193.0
10.310687126323312,1,193,193.0
10.321197510753816,1,193,193.0
10.331707895184318,1,193,193.0
10.342218279614821,1,193,193.0
10.352728664045324,1,193,193.0
10.363239048475826,1,193,193.0
10.37374943290633,1,193,193.0
10.384259817336833,1,193,193.0
10.394770201767335,1,193,193.0
10.405280586197838,1,193,193.0
10.415790970628342,1,193,193.0
10.426301355058843,1,193,193.0
10.436811739489347,1,193,193.0
10.44732212391985,1,193,193.0
10.457832508350354,1,193,193.0
10.468342892780855,1,193,193.0
10.478853277211359,1,193,193.0
10.489363661641862,1,193,193.0
10.499874046072364,1,256,256.0
