request_id,dataset_index,timestamp_s,decoded_tokens
0,1286,3936344.201602885,1
15,107,3936344.694102606,1
1,2025,3936344.694594628,1
2,926,3936344.694655420,1
6,1641,3936344.694701071,1
16,1486,3936344.694744352,1
7,1996,3936344.694783943,1
11,1095,3936344.694826764,1
10,541,3936344.694864575,1
14,1761,3936344.694898866,1
3,1874,3936344.694936827,1
8,415,3936344.694972688,1
4,895,3936344.695024229,1
9,1029,3936344.695273265,1
12,140,3936344.695320576,1
13,1582,3936344.695363008,1
5,1550,3936344.695403829,1
17,394,3936344.695440839,1
18,359,3936344.695475171,1
20,1306,3936345.187056938,1
21,1596,3936345.187765106,1
30,602,3936345.187866919,1
34,1460,3936345.187936970,1
22,104,3936345.188023482,1
31,477,3936345.188091454,1
29,209,3936345.188154936,1
28,835,3936345.188217387,1
19,1056,3936345.188291449,1
26,6,3936345.188352991,1
25,1152,3936345.188409842,1
33,1842,3936345.188829113,1
23,993,3936345.188907115,1
24,904,3936345.188974386,1
27,144,3936345.189059349,1
32,495,3936345.189119420,1
35,812,3936345.189801807,1
46,934,3936345.189879199,1
37,1751,3936345.189937921,1
38,542,3936345.190015183,1
41,438,3936345.190087104,1
47,1843,3936345.190148916,1
40,1526,3936345.190209988,1
44,1361,3936345.190266719,1
42,370,3936345.190319950,1
39,1105,3936345.190374082,1
36,1802,3936345.190433083,1
43,799,3936345.190487375,1
45,1592,3936345.190544316,1
63,1725,3936345.971254211,1
54,1733,3936345.972062492,1
50,1932,3936345.972155064,1
52,326,3936345.972224596,1
55,1326,3936345.972287227,1
59,1658,3936345.972354169,1
53,1968,3936345.972416211,1
58,1848,3936345.972474372,1
56,452,3936345.972528884,1
49,1035,3936345.972590575,1
60,1541,3936345.972650947,1
61,177,3936345.972712958,1
48,1637,3936345.972774710,1
51,403,3936345.973484757,1
62,891,3936345.973568600,1
57,1507,3936345.973629131,1
65,1535,3936345.973685563,1
66,1045,3936345.973740074,1
67,1469,3936345.973805786,1
70,197,3936345.973865127,1
68,1058,3936345.973929839,1
64,89,3936345.973982890,1
71,575,3936345.974056362,1
69,1254,3936345.974110133,1
81,1782,3936346.448691652,1
73,1859,3936346.449454721,1
74,740,3936346.449556394,1
75,426,3936346.449622666,1
80,1483,3936346.449682837,1
83,1956,3936346.449743289,1
84,1087,3936346.449814180,1
82,2035,3936346.449878612,1
78,757,3936346.449936703,1
86,879,3936346.449994475,1
87,561,3936346.450071097,1
77,1133,3936346.450556889,1
85,912,3936346.450636981,1
79,1059,3936346.450708393,1
76,366,3936346.450773384,1
72,289,3936346.450834496,1
89,1244,3936346.450893318,1
91,994,3936346.450947589,1
95,837,3936346.451528243,1
94,469,3936346.451609256,1
93,1885,3936346.451681417,1
92,588,3936346.451741439,1
97,871,3936346.451797270,1
98,1823,3936346.451853652,1
90,1216,3936346.451907963,1
88,416,3936346.451967714,1
96,1346,3936346.452035666,1
105,346,3936346.868198160,1
104,790,3936346.868972300,1
107,2027,3936346.869085773,1
112,1422,3936346.869153064,1
113,1410,3936346.869212646,1
99,613,3936346.869277318,1
108,1554,3936346.869338459,1
110,1828,3936346.869398111,1
106,800,3936346.869453852,1
103,785,3936346.869511473,1
109,1408,3936346.869574085,1
111,466,3936346.869639817,1
100,1566,3936346.870206461,1
102,429,3936346.870289033,1
101,1212,3936346.870350645,1
114,1090,3936346.870409106,1
120,1636,3936346.870473338,1
117,970,3936346.870532849,1
119,1275,3936346.870592981,1
126,217,3936346.870648432,1
115,1245,3936346.870709214,1
116,920,3936346.871187656,1
121,741,3936346.871273258,1
124,1617,3936346.873616407,1
125,481,3936346.873686469,1
123,154,3936346.873745160,1
118,1447,3936346.873801892,1
122,1449,3936346.873865783,1
0,1286,3936348.214362558,65
15,107,3936348.215243830,65
1,2025,3936348.215353503,65
2,926,3936348.215448015,65
6,1641,3936348.215524197,65
7,1996,3936348.215597229,65
11,1095,3936348.215668981,65
10,541,3936348.215737482,65
14,1761,3936348.215834975,65
3,1874,3936348.215947878,65
8,415,3936348.216083121,65
4,895,3936348.216202934,65
9,1029,3936348.216782019,65
12,140,3936348.216918952,65
13,1582,3936348.217065256,65
5,1550,3936348.217189339,65
20,1306,3936348.218478762,65
18,359,3936348.218607005,65
21,1596,3936348.218723848,65
16,1486,3936348.218844291,65
30,602,3936348.218967904,65
17,394,3936348.219112818,65
22,104,3936348.219265152,65
31,477,3936348.219413395,65
29,209,3936348.219531758,65
28,835,3936348.219651531,65
19,1056,3936348.219754614,65
26,6,3936348.219866787,65
25,1152,3936348.219967519,65
23,993,3936348.220093582,65
24,904,3936348.220191205,65
27,144,3936348.220282687,65
35,812,3936348.221733934,65
34,1460,3936348.221831026,65
43,799,3936348.221907438,65
46,934,3936348.221980160,65
37,1751,3936348.222067752,65
38,542,3936348.222136634,65
41,438,3936348.222221126,65
45,1592,3936348.222293588,65
47,1843,3936348.222364330,65
40,1526,3936348.222440332,65
44,1361,3936348.222517303,65
42,370,3936348.222584745,65
39,1105,3936348.222648967,65
36,1802,3936348.222716028,65
33,1842,3936348.222784410,65
32,495,3936348.222859142,65
63,1725,3936348.222930674,65
54,1733,3936348.222999636,65
50,1932,3936348.223087818,65
52,326,3936348.223157780,65
55,1326,3936348.223226321,65
59,1658,3936348.223290883,65
53,1968,3936348.223353785,65
58,1848,3936348.223417496,65
56,452,3936348.225262113,65
49,1035,3936348.225366295,65
60,1541,3936348.225443727,65
61,177,3936348.225514639,65
48,1637,3936348.225585211,65
51,403,3936348.225656983,65
62,891,3936348.225737195,65
57,1507,3936348.225804986,65
65,1535,3936348.225876048,65
66,1045,3936348.225941220,65
73,1859,3936348.226036563,65
74,740,3936348.226111394,65
75,426,3936348.226181926,65
67,1469,3936348.226247428,65
78,757,3936348.226331490,65
72,289,3936348.226404392,65
76,366,3936348.226478683,65
70,197,3936348.226554656,65
77,1133,3936348.226627787,65
68,1058,3936348.226697649,65
79,1059,3936348.226765261,65
64,89,3936348.226834483,65
71,575,3936348.226904784,65
69,1254,3936348.226971346,65
89,1244,3936348.227057878,65
81,1782,3936348.227154461,65
91,994,3936348.227225973,65
94,469,3936348.227293084,65
95,837,3936348.227357646,65
86,879,3936348.227420987,65
80,1483,3936348.227482279,65
83,1956,3936348.227546981,65
84,1087,3936348.227607472,65
82,2035,3936348.227675614,65
87,561,3936348.227741966,65
92,588,3936348.227808797,65
93,1885,3936348.227876409,65
85,912,3936348.227938671,65
90,1216,3936348.228014792,65
88,416,3936348.228104804,65
105,346,3936348.229790967,65
104,790,3936348.229889680,65
107,2027,3936348.229964851,65
99,613,3936348.230051074,65
97,871,3936348.230124006,65
108,1554,3936348.230206357,65
110,1828,3936348.230275629,65
98,1823,3936348.230342441,65
103,785,3936348.230406453,65
106,800,3936348.230473094,65
109,1408,3936348.230535156,65
111,466,3936348.230608728,65
100,1566,3936348.230678080,65
102,429,3936348.230742581,65
101,1212,3936348.230806003,65
96,1346,3936348.230869424,65
120,1636,3936348.230933916,65
112,1422,3936348.230997188,65
113,1410,3936348.231074839,65
117,970,3936348.231142221,65
119,1275,3936348.231206853,65
126,217,3936348.231268835,65
115,1245,3936348.231334376,65
116,920,3936348.231395958,65
121,741,3936348.231473680,65
124,1617,3936348.231537821,65
125,481,3936348.231602883,65
123,154,3936348.231667114,65
118,1447,3936348.231734696,65
114,1090,3936348.231798848,65
122,1449,3936348.231871079,65
0,1286,3936349.226280198,129
15,107,3936349.227109699,129
1,2025,3936349.227240313,129
2,926,3936349.227346225,129
6,1641,3936349.227442318,129
7,1996,3936349.227534370,129
11,1095,3936349.227620442,129
10,541,3936349.227706325,129
14,1761,3936349.227789577,129
3,1874,3936349.227872289,129
8,415,3936349.227956931,129
4,895,3936349.228063343,129
9,1029,3936349.228156466,129
12,140,3936349.228526525,129
13,1582,3936349.228631328,129
5,1550,3936349.228716940,129
20,1306,3936349.229598682,129
18,359,3936349.229717085,129
21,1596,3936349.229828288,129
16,1486,3936349.229919620,129
30,602,3936349.230025463,129
17,394,3936349.230124226,129
22,104,3936349.230215808,129
31,477,3936349.230303410,129
29,209,3936349.230391622,129
28,835,3936349.230480004,129
19,1056,3936349.230561577,129
26,6,3936349.230656109,129
25,1152,3936349.230743731,129
23,993,3936349.230828973,129
24,904,3936349.230914275,129
27,144,3936349.230992937,129
35,812,3936349.231927661,129
34,1460,3936349.232065795,129
43,799,3936349.232174967,129
46,934,3936349.232272480,129
37,1751,3936349.232366992,129
38,542,3936349.232453954,129
41,438,3936349.232547067,129
45,1592,3936349.232632719,129
47,1843,3936349.232719621,129
40,1526,3936349.232802523,129
44,1361,3936349.232885615,129
42,370,3936349.232968007,129
39,1105,3936349.233069860,129
36,1802,3936349.233156292,129
33,1842,3936349.233234544,129
32,495,3936349.233321076,129
63,1725,3936349.234476645,129
54,1733,3936349.234580128,129
50,1932,3936349.234668820,129
52,326,3936349.234761383,129
55,1326,3936349.234844215,129
59,1658,3936349.234925497,129
53,1968,3936349.235021579,129
58,1848,3936349.235107141,129
56,452,3936349.235188273,129
49,1035,3936349.235268685,129
60,1541,3936349.235346707,129
61,177,3936349.235422309,129
48,1637,3936349.235499491,129
51,403,3936349.235577463,129
62,891,3936349.235661975,129
57,1507,3936349.235742657,129
65,1535,3936349.235822489,129
66,1045,3936349.235907332,129
73,1859,3936349.235985554,129
74,740,3936349.236092026,129
75,426,3936349.236172828,129
67,1469,3936349.236251070,129
78,757,3936349.237611995,129
72,289,3936349.237719647,129
76,366,3936349.237810189,129
70,197,3936349.237891251,129
77,1133,3936349.237970233,129
68,1058,3936349.238069646,129
79,1059,3936349.238149648,129
64,89,3936349.238231570,129
71,575,3936349.238314822,129
69,1254,3936349.238390444,129
89,1244,3936349.238467456,129
81,1782,3936349.238549778,129
91,994,3936349.238625290,129
94,469,3936349.238703972,129
95,837,3936349.238778734,129
86,879,3936349.238854376,129
80,1483,3936349.238931628,129
83,1956,3936349.239026700,129
84,1087,3936349.239110642,129
82,2035,3936349.239189294,129
87,561,3936349.239264026,129
92,588,3936349.239340028,129
93,1885,3936349.239413480,129
85,912,3936349.239490132,129
90,1216,3936349.239567884,129
88,416,3936349.239659886,129
105,346,3936349.241139534,129
104,790,3936349.241276347,129
107,2027,3936349.241374230,129
99,613,3936349.241463382,129
97,871,3936349.241544494,129
108,1554,3936349.241624726,129
110,1828,3936349.241704828,129
98,1823,3936349.241788550,129
103,785,3936349.241871232,129
106,800,3936349.241949374,129
109,1408,3936349.242039986,129
111,466,3936349.242134469,129
100,1566,3936349.242220301,129
102,429,3936349.242301123,129
101,1212,3936349.242378865,129
96,1346,3936349.242461787,129
120,1636,3936349.242538269,129
112,1422,3936349.242614911,129
113,1410,3936349.242694423,129
117,970,3936349.242770055,129
119,1275,3936349.242848767,129
126,217,3936349.242923579,129
115,1245,3936349.242999820,129
116,920,3936349.243110173,129
121,741,3936349.243191225,129
124,1617,3936349.243268507,129
125,481,3936349.243347249,129
123,154,3936349.243426481,129
118,1447,3936349.243503733,129
114,1090,3936349.243582515,129
122,1449,3936349.243661467,129
0,1286,3936350.253194928,193
15,107,3936350.253932547,193
1,2025,3936350.254088300,193
2,926,3936350.254212074,193
6,1641,3936350.254315586,193
7,1996,3936350.254413548,193
11,1095,3936350.254507991,193
10,541,3936350.254603843,193
14,1761,3936350.254695996,193
3,1874,3936350.254785858,193
8,415,3936350.254876650,193
4,895,3936350.255373023,193
9,1029,3936350.255493606,193
12,140,3936350.255595248,193
13,1582,3936350.255690531,193
5,1550,3936350.255796074,193
20,1306,3936350.256796019,193
18,359,3936350.256919672,193
21,1596,3936350.257070356,193
16,1486,3936350.257178369,193
30,602,3936350.257278341,193
17,394,3936350.257377943,193
22,104,3936350.257474686,193
31,477,3936350.257569168,193
29,209,3936350.257662211,193
28,835,3936350.257753233,193
19,1056,3936350.257842195,193
26,6,3936350.257945568,193
25,1152,3936350.258053451,193
23,993,3936350.258148853,193
24,904,3936350.258237925,193
27,144,3936350.258325858,193
35,812,3936350.259303182,193
34,1460,3936350.259447766,193
43,799,3936350.259556538,193
46,934,3936350.259656591,193
37,1751,3936350.259759503,193
38,542,3936350.259854116,193
41,438,3936350.259953039,193
45,1592,3936350.260063991,193
47,1843,3936350.260171114,193
40,1526,3936350.260269056,193
44,1361,3936350.260360359,193
42,370,3936350.260450131,193
39,1105,3936350.260540243,193
36,1802,3936350.260627716,193
33,1842,3936350.260716538,193
32,495,3936350.260815220,193
63,1725,3936350.262476182,193
54,1733,3936350.262601555,193
50,1932,3936350.262702928,193
52,326,3936350.262816941,193
55,1326,3936350.262927823,193
59,1658,3936350.263037456,193
53,1968,3936350.263141139,193
58,1848,3936350.263231241,193
56,452,3936350.263329494,193
49,1035,3936350.263422606,193
60,1541,3936350.263510968,193
61,177,3936350.263598511,193
48,1637,3936350.263683333,193
51,403,3936350.263768745,193
62,891,3936350.263861657,193
57,1507,3936350.263948089,193
65,1535,3936350.264048702,193
66,1045,3936350.264147174,193
73,1859,3936350.264234056,193
74,740,3936350.264327529,193
75,426,3936350.264419301,193
67,1469,3936350.264507443,193
78,757,3936350.264606046,193
72,289,3936350.264691948,193
76,366,3936350.264785280,193
70,197,3936350.264869072,193
77,1133,3936350.264951214,193
68,1058,3936350.265049497,193
79,1059,3936350.265141509,193
64,89,3936350.265233192,193
71,575,3936350.265322974,193
69,1254,3936350.265442237,193
89,1244,3936350.267207451,193
81,1782,3936350.267334035,193
91,994,3936350.267429687,193
94,469,3936350.267523939,193
95,837,3936350.267611832,193
86,879,3936350.267700924,193
80,1483,3936350.267790236,193
83,1956,3936350.267875328,193
84,1087,3936350.267975971,193
82,2035,3936350.268084224,193
87,561,3936350.268172636,193
92,588,3936350.268259588,193
93,1885,3936350.268342630,193
85,912,3936350.268427562,193
90,1216,3936350.268514675,193
88,416,3936350.268610307,193
105,346,3936350.268698419,193
104,790,3936350.268792951,193
107,2027,3936350.268885504,193
99,613,3936350.268973676,193
97,871,3936350.269077789,193
108,1554,3936350.269175101,193
110,1828,3936350.269269483,193
98,1823,3936350.269358456,193
103,785,3936350.269447528,193
106,800,3936350.269532700,193
109,1408,3936350.269619023,193
111,466,3936350.269712835,193
100,1566,3936350.269799757,193
102,429,3936350.269886009,193
101,1212,3936350.269970911,193
96,1346,3936350.270072384,193
120,1636,3936350.270950686,193
112,1422,3936350.271079799,193
113,1410,3936350.271175862,193
117,970,3936350.271262584,193
119,1275,3936350.271356626,193
126,217,3936350.271443258,193
115,1245,3936350.271526071,193
116,920,3936350.271610093,193
121,741,3936350.271695865,193
124,1617,3936350.271782377,193
125,481,3936350.271866379,193
123,154,3936350.271960602,193
118,1447,3936350.272065664,193
114,1090,3936350.272156456,193
122,1449,3936350.272241878,193
0,1286,3936351.299792654,256
15,107,3936351.301497727,256
1,2025,3936351.301724233,256
2,926,3936351.301985059,256
6,1641,3936351.302239226,256
7,1996,3936351.302489992,256
11,1095,3936351.302745508,256
10,541,3936351.302989314,256
14,1761,3936351.303222110,256
3,1874,3936351.303386435,256
8,415,3936351.303541659,256
4,895,3936351.303692092,256
9,1029,3936351.303873767,256
12,140,3936351.304058241,256
13,1582,3936351.304217296,256
5,1550,3936351.304382100,256
20,1306,3936351.305783565,256
18,359,3936351.305973140,256
21,1596,3936351.306180725,256
16,1486,3936351.306342249,256
30,602,3936351.306495283,256
17,394,3936351.306653567,256
22,104,3936351.306805141,256
31,477,3936351.306949905,256
29,209,3936351.307120049,256
28,835,3936351.307270893,256
19,1056,3936351.307420726,256
26,6,3936351.307587041,256
25,1152,3936351.307738974,256
23,993,3936351.307885048,256
24,904,3936351.308058473,256
27,144,3936351.308215846,256
35,812,3936351.310346230,256
34,1460,3936351.310967826,256
43,799,3936351.311165561,256
46,934,3936351.311336255,256
37,1751,3936351.311500939,256
38,542,3936351.311654093,256
41,438,3936351.312703610,256
45,1592,3936351.312891104,256
47,1843,3936351.313073569,256
40,1526,3936351.313236763,256
44,1361,3936351.313410017,256
42,370,3936351.313566632,256
39,1105,3936351.313722565,256
36,1802,3936351.313874159,256
33,1842,3936351.314053284,256
32,495,3936351.314223628,256
63,1725,3936351.315052019,256
54,1733,3936351.315679845,256
50,1932,3936351.315868060,256
52,326,3936351.316067765,256
55,1326,3936351.316236459,256
59,1658,3936351.316392613,256
53,1968,3936351.317298606,256
58,1848,3936351.317475890,256
56,452,3936351.317641484,256
49,1035,3936351.317800778,256
60,1541,3936351.317951482,256
61,177,3936351.318131707,256
48,1637,3936351.318278740,256
51,403,3936351.318430654,256
62,891,3936351.318585028,256
57,1507,3936351.318734702,256
65,1535,3936351.319601454,256
66,1045,3936351.320220920,256
73,1859,3936351.320406174,256
74,740,3936351.320571888,256
75,426,3936351.320728602,256
67,1469,3936351.320883696,256
78,757,3936351.321779469,256
72,289,3936351.321953303,256
76,366,3936351.322131828,256
70,197,3936351.322280861,256
77,1133,3936351.322428085,256
68,1058,3936351.322580789,256
79,1059,3936351.322728443,256
64,89,3936351.322886987,256
71,575,3936351.323062851,256
69,1254,3936351.323218635,256
89,1244,3936351.324303892,256
81,1782,3936351.325056702,256
91,994,3936351.325236296,256
94,469,3936351.325393790,256
95,837,3936351.325546694,256
86,879,3936351.325689658,256
80,1483,3936351.325832731,256
83,1956,3936351.325976855,256
84,1087,3936351.326154969,256
82,2035,3936351.326839916,256
87,561,3936351.327023821,256
92,588,3936351.327182295,256
93,1885,3936351.327325529,256
85,912,3936351.327472132,256
90,1216,3936351.327617546,256
88,416,3936351.327773730,256
105,346,3936351.328902548,256
104,790,3936351.329509394,256
107,2027,3936351.329693519,256
99,613,3936351.329855283,256
97,871,3936351.330020867,256
108,1554,3936351.330179321,256
110,1828,3936351.331029792,256
98,1823,3936351.331214667,256
103,785,3936351.331377761,256
106,800,3936351.331528155,256
109,1408,3936351.331673569,256
111,466,3936351.331827542,256
100,1566,3936351.331992657,256
102,429,3936351.332243203,256
101,1212,3936351.332408977,256
96,1346,3936351.332560771,256
120,1636,3936351.333275389,256
112,1422,3936351.333823073,256
113,1410,3936351.333986147,256
117,970,3936351.334144301,256
119,1275,3936351.334295315,256
126,217,3936351.334437508,256
115,1245,3936351.335185737,256
116,920,3936351.335344601,256
121,741,3936351.335491905,256
124,1617,3936351.335628358,256
125,481,3936351.335774382,256
123,154,3936351.335922886,256
118,1447,3936351.336080840,256
114,1090,3936351.336217983,256
122,1449,3936351.336354067,256
127,316,3936351.336587773,1
127,316,3936352.129797743,65
127,316,3936352.972475502,129
127,316,3936353.816410643,193
127,316,3936354.701476931,256
