scheme,batch_size,decode_tokens_per_request,success,decode_time_s,decode_tok_s,full_decode_time_s,full_decode_tok_s,all_started_decode_time_s,all_started_decode_tok_s,tokens_after_all_started,observed_tokens,first_token_spread_s,legacy_decode_tok_s,completed_requests,source
bf16_merged,1,256,True,4.768249567132443,53.688465000785335,4.768249567132443,53.688465000785335,4.768249567132443,53.688465000785335,256,256,0.0,53.688465000785335,1,/data/huanchen/sglang/.rollout-profile/qlora-decoding-throughput/measurements_14b_current/bf16_merged.bs1.json
bf16_merged,128,256,True,7.208611499052495,4545.674295848382,7.208611499052495,4545.674295848382,7.087963815312833,4605.130732959218,32641,32768,0.12064768373966217,4545.674295848382,128,/data/huanchen/sglang/.rollout-profile/qlora-decoding-throughput/measurements_14b_current/bf16_merged.bs128.json
bf16_merged,16,256,True,4.788770805113018,855.3343157761195,4.788770805113018,855.3343157761195,4.787941373884678,852.3496177834141,4081,4096,0.0008294312283396721,855.3343157761195,16,/data/huanchen/sglang/.rollout-profile/qlora-decoding-throughput/measurements_14b_current/bf16_merged.bs16.json
bf16_merged,256,256,True,11.187962213996798,5857.724467285974,11.187962213996798,5857.724467285974,10.937038536183536,5968.800400952022,65281,65536,0.25092367781326175,5857.724467285974,256,/data/huanchen/sglang/.rollout-profile/qlora-decoding-throughput/measurements_14b_current/bf16_merged.bs256.json
bf16_merged,32,256,True,5.279171502683312,1551.7586416421873,5.279171502683312,1551.7586416421873,5.236555912066251,1558.4670797069396,8161,8192,0.04261559061706066,1551.7586416421873,32,/data/huanchen/sglang/.rollout-profile/qlora-decoding-throughput/measurements_14b_current/bf16_merged.bs32.json
bf16_merged,4,256,True,5.600905131082982,182.8275923327416,5.600905131082982,182.8275923327416,5.600698935799301,182.2986758802254,1021,1024,0.00020619528368115425,182.8275923327416,4,/data/huanchen/sglang/.rollout-profile/qlora-decoding-throughput/measurements_14b_current/bf16_merged.bs4.json
bf16_merged,512,256,True,20.211744306143373,6484.942517314578,20.211744306143373,6484.942517314578,19.823600742034614,6518.795534757969,129226,131072,0.38814356410875916,6484.942517314578,512,/data/huanchen/sglang/.rollout-profile/qlora-decoding-throughput/measurements_14b_current/bf16_merged.bs512.json
bf16_merged,64,256,True,5.662336471024901,2893.505195927441,5.662336471024901,2893.505195927441,5.581762503832579,2923.986821150773,16321,16384,0.08057396719232202,2893.505195927441,64,/data/huanchen/sglang/.rollout-profile/qlora-decoding-throughput/measurements_14b_current/bf16_merged.bs64.json
bf16_merged,8,256,True,4.736706838943064,432.3679023498497,4.736706838943064,432.3679023498497,4.7363367597572505,430.92375046925645,2041,2048,0.0003700791858136654,432.3679023498497,8,/data/huanchen/sglang/.rollout-profile/qlora-decoding-throughput/measurements_14b_current/bf16_merged.bs8.json
qlora_csgmv,1,256,True,4.661123753059655,54.92237785618896,4.661123753059655,54.92237785618896,4.661123753059655,54.92237785618896,256,256,0.0,54.92237785618896,1,/data/huanchen/sglang/.rollout-profile/qlora-decoding-throughput/measurements_14b_current/qlora_csgmv.bs1.json
qlora_csgmv,128,256,True,8.453633535187691,3876.203039037044,8.453633535187691,3876.203039037044,8.281949817202985,3941.2216592038776,32641,32768,0.17168371798470616,3876.203039037044,128,/data/huanchen/sglang/.rollout-profile/qlora-decoding-throughput/measurements_14b_current/qlora_csgmv.bs128.json
qlora_csgmv,16,256,True,3.490531083662063,1173.4603995282903,3.490531083662063,1173.4603995282903,3.4876974928192794,1170.1129494178479,4081,4096,0.002833590842783451,1173.4603995282903,16,/data/huanchen/sglang/.rollout-profile/qlora-decoding-throughput/measurements_14b_current/qlora_csgmv.bs16.json
qlora_csgmv,256,256,True,14.921491307672113,4392.054295960596,14.921491307672113,4392.054295960596,14.595858396030962,4472.570110556279,65281,65536,0.3256329116411507,4392.054295960596,256,/data/huanchen/sglang/.rollout-profile/qlora-decoding-throughput/measurements_14b_current/qlora_csgmv.bs256.json
qlora_csgmv,32,256,True,4.38965379120782,1866.2064002423203,4.38965379120782,1866.2064002423203,4.367354786023498,1868.6368293496573,8161,8192,0.022299005184322596,1866.2064002423203,32,/data/huanchen/sglang/.rollout-profile/qlora-decoding-throughput/measurements_14b_current/qlora_csgmv.bs32.json
qlora_csgmv,4,256,True,3.0814545331522822,332.3105984473064,3.0814545331522822,332.3105984473064,3.0810436131432652,331.38122279235796,1021,1024,0.00041092000901699066,332.3105984473064,4,/data/huanchen/sglang/.rollout-profile/qlora-decoding-throughput/measurements_14b_current/qlora_csgmv.bs4.json
qlora_csgmv,512,256,True,29.67740556318313,4416.558574197061,29.67740556318313,4416.558574197061,29.24127637501806,4439.306900806235,129811,131072,0.4361291881650686,4416.558574197061,512,/data/huanchen/sglang/.rollout-profile/qlora-decoding-throughput/measurements_14b_current/qlora_csgmv.bs512.json
qlora_csgmv,64,256,True,5.5593448001891375,2947.1098823448747,5.5593448001891375,2947.1098823448747,5.49583376897499,2969.704086054258,16321,16384,0.0635110312141478,2947.1098823448747,64,/data/huanchen/sglang/.rollout-profile/qlora-decoding-throughput/measurements_14b_current/qlora_csgmv.bs64.json
qlora_csgmv,8,256,True,3.109096510335803,658.7122635761482,3.109096510335803,658.7122635761482,3.108616268262267,656.56222057312,2041,2048,0.0004802420735359192,658.7122635761482,8,/data/huanchen/sglang/.rollout-profile/qlora-decoding-throughput/measurements_14b_current/qlora_csgmv.bs8.json
qlora_torch_twostream,1,256,True,2.2058442141860723,116.05533988013775,2.2058442141860723,116.05533988013775,2.2058442141860723,116.05533988013775,256,256,0.0,116.05533988013775,1,/data/huanchen/sglang/.rollout-profile/qlora-decoding-throughput/measurements_14b_current/qlora_torch_twostream.bs1.json
qlora_torch_twostream,128,256,True,6.6744554489851,4909.464187821138,6.6744554489851,4909.464187821138,6.472577922977507,5042.96748350069,32641,32768,0.20187752600759268,4909.464187821138,128,/data/huanchen/sglang/.rollout-profile/qlora-decoding-throughput/measurements_14b_current/qlora_torch_twostream.bs128.json
qlora_torch_twostream,16,256,True,2.2209034049883485,1844.2945293343314,2.2209034049883485,1844.2945293343314,2.216538567095995,1841.159030833709,4081,4096,0.004364837892353535,1844.2945293343314,16,/data/huanchen/sglang/.rollout-profile/qlora-decoding-throughput/measurements_14b_current/qlora_torch_twostream.bs16.json
qlora_torch_twostream,256,256,True,12.155900374986231,5391.29130532005,12.155900374986231,5391.29130532005,11.821881706826389,5522.048149264118,65281,65536,0.3340186681598425,5391.29130532005,256,/data/huanchen/sglang/.rollout-profile/qlora-decoding-throughput/measurements_14b_current/qlora_torch_twostream.bs256.json
qlora_torch_twostream,32,256,True,2.8474130909889936,2876.997379103384,2.8474130909889936,2876.997379103384,2.8241720478981733,2889.6964708908727,8161,8192,0.023241043090820312,2876.997379103384,32,/data/huanchen/sglang/.rollout-profile/qlora-decoding-throughput/measurements_14b_current/qlora_torch_twostream.bs32.json
qlora_torch_twostream,4,256,True,1.9631162490695715,521.6196445245307,1.9631162490695715,521.6196445245307,1.9607429397292435,520.720987597175,1021,1024,0.002373309340327978,521.6196445245307,4,/data/huanchen/sglang/.rollout-profile/qlora-decoding-throughput/measurements_14b_current/qlora_torch_twostream.bs4.json
qlora_torch_twostream,512,256,True,23.14212411781773,5663.784332531698,23.14212411781773,5663.784332531698,22.72934603970498,5707.731307947648,129733,131072,0.41277807811275125,5663.784332531698,512,/data/huanchen/sglang/.rollout-profile/qlora-decoding-throughput/measurements_14b_current/qlora_torch_twostream.bs512.json
qlora_torch_twostream,64,256,True,4.204291799571365,3896.970234480484,4.204291799571365,3896.970234480484,4.12080616177991,3960.6327886460035,16321,16384,0.08348563779145479,3896.970234480484,64,/data/huanchen/sglang/.rollout-profile/qlora-decoding-throughput/measurements_14b_current/qlora_torch_twostream.bs64.json
qlora_torch_twostream,8,256,True,2.1919422750361264,934.3311743764995,2.1919422750361264,934.3311743764995,2.189485363662243,932.1825273981833,2041,2048,0.002456911373883486,934.3311743764995,8,/data/huanchen/sglang/.rollout-profile/qlora-decoding-throughput/measurements_14b_current/qlora_torch_twostream.bs8.json
